nombre_usuario|repositorio|descripcion|fecha_actualizacion|lenguaje|estrellas|tags|url
ReactiveCocoa|ReactiveCocoa|2017-06-20|Swift|17.4k|reactiveswift,swift,reactivecocoa|https://github.com/ReactiveCocoa/ReactiveCocoa
ReactiveX|RxJava|2017-06-24|Java|25.2k|flow,reactive-streams,java,rxjava|https://github.com/ReactiveX/RxJava
ReactiveX|RxSwift|2017-06-22|Swift|9.7k|rxswift,reactivex,swift,ios,reactive,unidirectional,observer,functional|https://github.com/ReactiveX/RxSwift
google|agera|2017-04-24|Java|6.6k|android,agera,reactive|https://github.com/google/agera
akka|akka|2017-06-24|Scala|7.3k|akka,distributed-systems,reactive,high-performance,actor-model,concurrency,distributed-actors|https://github.com/akka/akka
ant-design|ant-design|2017-06-24|TypeScript|14.7k|enterprise,antd,typescript,css,react,ui-design,design-systems,frontend,react-components,ui-kit,ant-design|https://github.com/ant-design/ant-design
brillout|awesome-react-components|2017-06-01||8.5k|react-components,react,awesome,react-component,awesome-list,devarchy|https://github.com/brillout/awesome-react-components
jondot|awesome-react-native|2017-06-23|Ruby|13.3k|react,mobile,react-native,awesome-list|https://github.com/jondot/awesome-react-native
facebookincubator|create-react-app|2017-06-23|JavaScript|29.1k|react,zero-configuration,build-tools|https://github.com/facebookincubator/create-react-app
cyclejs|cyclejs|2017-06-24|TypeScript|6.6k|javascript,framework,typescript,rxjs,functional-programming,cyclejs,reactive-programming|https://github.com/cyclejs/cyclejs
airbnb|enzyme|2017-06-24|JavaScript|9.8k|assertion-library,chai,react,mocha,traversal,react-components,enzyme,ava,testing,jest,test,assertions,test-runners|https://github.com/airbnb/enzyme
feathersjs|feathers|2017-06-23|JavaScript|6.8k|feathersjs,javascript,nodejs,browser,react-native|https://github.com/feathersjs/feathers
ppa|freeCodeCamp|2017-06-24|JavaScript|290k|nonprofits,certification,curriculum,react,nodejs,javascript,d3,teachers,community,education,programming,math,learn-to-code,careers|https://github.com/freeCodeCamp/freeCodeCamp
gatsbyjs|gatsby|2017-06-24|JavaScript|10k|react,gatsby,blog,static-site-generator,documentation-tool|https://github.com/gatsbyjs/gatsby
xitu|gold-miner|2017-06-24||8.1k|android,react,ios,translation,frontend,tutorials|https://github.com/xitu/gold-miner
zeit|hyper|2017-06-23|JavaScript|17.5k|react,javascript,css,html,terminal,hyperterm,terminal-emulators|https://github.com/zeit/hyper
infernojs|inferno|2017-06-23|JavaScript|10.4k|inferno,react,javascript-library,inferno-component,vdom,performance,inferno-js,jsx|https://github.com/infernojs/inferno
verekia|js-stack-from-scratch|2017-06-08|JavaScript|15.4k|tutorial,javascript,webpack,stack,react,yarn,flow,eslint,redux,heroku,bootstrap,react-router,jest,socket-io,nodemon,pm2,server-side-rendering,jss,immutablejs,sinon|https://github.com/verekia/js-stack-from-scratch
callemall|material-ui|2017-06-24|JavaScript|26.6k|react-components,material-ui,javascript,google-material,react,material-design|https://github.com/callemall/material-ui
mobxjs|mobx|2017-06-22|JavaScript|9.7k|typescript,javascript,mobx,react,reactive-programming|https://github.com/mobxjs/mobx
zeit|next.js|2017-06-24|JavaScript|14.4k|react,components,node,browser,universal,nextjs,server-rendering|https://github.com/zeit/next.js
paularmstrong|normalizr|2017-06-09|JavaScript|8.7k|javascript,json,redux,normalizr,api,flux,reactjs,normalize|https://github.com/paularmstrong/normalizr
nylas|nylas-mail|2017-06-06|JavaScript|23.1k|linux,javascript,nylas-mail,electron,react,windows,macos,flux,productivity,babel,email|https://github.com/nylas/nylas-mail
dkhamsing|open-source-ios-apps|2017-06-21|Swift|13.6k|game,swift,ios,app,list,apple,awesome,react-native,objective-c,cocoapods,example,carthage,reactiveswift,iphone,ipad,apple-tv,reactive-programming,apple-watch|https://github.com/dkhamsing/open-source-ios-apps
playframework|playframework|2017-06-23|Scala|9.5k|scala,java,reactive,restful,web-framework,play,playframework|https://github.com/playframework/playframework
developit|preact|2017-06-24|JavaScript|10.5k|dom,preact,preact-components,hyperscript,jsx,react,virtual-dom,components,vdom|https://github.com/developit/preact
react-boilerplate|react-boilerplate|2017-06-24|JavaScript|14.3k|react,redux,i18n,styled-components,redux-saga,offline-first,react-boilerplate,webpack2,scaffolding|https://github.com/react-boilerplate/react-boilerplate
reactjs|react-redux|2017-06-23|JavaScript|8.2k|redux,react|https://github.com/reactjs/react-redux
markerikson|react-redux-links|2017-06-18||9.5k|react,redux,javascript,webpack,es6|https://github.com/markerikson/react-redux-links
airbnb|react-sketchapp|2017-06-21|JavaScript|8k|react,sketch,sketch-plugin,react-sketchapp,react-renderer|https://github.com/airbnb/react-sketchapp
coryhouse|react-slingshot|2017-06-08|JavaScript|6.8k|react,redux,boilerplate,starter-kit|https://github.com/coryhouse/react-slingshot
kriasoft|react-starter-kit|2017-06-21|JavaScript|14.4k|babel,webpack,graphql,browsersync,javascript,flux,boilerplate,react,redux,nodejs,i18n,ssr,reactjs|https://github.com/kriasoft/react-starter-kit
reactide|reactide|2017-06-23|JavaScript|7k|electron,react,redux,nodejs,javascript,desktop-app,node,devtools|https://github.com/reactide/reactide
erikras|redux-form|2017-06-24|JavaScript|6.7k|react,redux-form,redux,validation,forms,form,form-validation|https://github.com/erikras/redux-form
storybooks|storybook|2017-06-24|JavaScript|11.5k|storybook,react,testing,components,styleguide,library,ui,react-native,webpack,addons,isolation|https://github.com/storybooks/storybook
styled-components|styled-components|2017-06-23|JavaScript|8.2k|css,react,styled-components,css-in-js|https://github.com/styled-components/styled-components
Automattic|wp-calypso|2017-06-24|JavaScript|8.9k|wordpress,javascript,react,redux,nodejs,es6,es2015,es6-javascript|https://github.com/Automattic/wp-calypso
